,name,interests,ages_ranges,genders,behavior,scholarities,languages,family_statuses,relationship_statuses,geo_locations,household_composition,all_fields,targeting,response,audience,timestamp,publisher_platforms
0,Expats Distribution in New York,,{u'min': 18},0.0,"{u'or': [6019673233983], u'name': u'Expats (Zimbabwe)'}",,,,,"{u'values': [{u'key': u'2490299'}], u'name': u'cities', u'location_types': [u'home']}",,"(('genders', 0), ('ages_ranges', {u'min': 18}), ('geo_locations', {u'values': [{u'key': u'2490299'}], u'name': u'cities', u'location_types': [u'home']}), ('behavior', {u'or': [6019673233983], u'name': u'Expats (Zimbabwe)'}))","{'flexible_spec': [{'behaviors': [{'id': 6019673233983}]}], 'publisher_platforms': ['facebook'], 'geo_locations': {u'cities': [{u'key': u'2490299'}], 'location_types': [u'home']}, 'age_min': 18, 'genders': [0], 'age_max': None}","{""data"":{""users"":740,""estimate_ready"":true}}",740,1496049092,"[""facebook""]"
1,Expats Distribution in New York,,{u'min': 18},0.0,"{u'or': [6027149006383], u'name': u'Expats (Vietnam)'}",,,,,"{u'values': [{u'key': u'2490299'}], u'name': u'cities', u'location_types': [u'home']}",,"(('genders', 0), ('ages_ranges', {u'min': 18}), ('geo_locations', {u'values': [{u'key': u'2490299'}], u'name': u'cities', u'location_types': [u'home']}), ('behavior', {u'or': [6027149006383], u'name': u'Expats (Vietnam)'}))","{'flexible_spec': [{'behaviors': [{'id': 6027149006383}]}], 'publisher_platforms': ['facebook'], 'geo_locations': {u'cities': [{u'key': u'2490299'}], 'location_types': [u'home']}, 'age_min': 18, 'genders': [0], 'age_max': None}","{""data"":{""users"":6200,""estimate_ready"":true}}",6200,1496049092,"[""facebook""]"
2,Expats Distribution in New York,,{u'min': 18},0.0,"{u'or': [6026404871583], u'name': u'Expats (Venezuela)'}",,,,,"{u'values': [{u'key': u'2490299'}], u'name': u'cities', u'location_types': [u'home']}",,"(('genders', 0), ('ages_ranges', {u'min': 18}), ('geo_locations', {u'values': [{u'key': u'2490299'}], u'name': u'cities', u'location_types': [u'home']}), ('behavior', {u'or': [6026404871583], u'name': u'Expats (Venezuela)'}))","{'flexible_spec': [{'behaviors': [{'id': 6026404871583}]}], 'publisher_platforms': ['facebook'], 'geo_locations': {u'cities': [{u'key': u'2490299'}], 'location_types': [u'home']}, 'age_min': 18, 'genders': [0], 'age_max': None}","{""data"":{""users"":12000,""estimate_ready"":true}}",12000,1496049092,"[""facebook""]"
3,Expats Distribution in New York,,{u'min': 18},0.0,"{u'or': [6023620475783], u'name': u'Expats (US)'}",,,,,"{u'values': [{u'key': u'2490299'}], u'name': u'cities', u'location_types': [u'home']}",,"(('genders', 0), ('ages_ranges', {u'min': 18}), ('geo_locations', {u'values': [{u'key': u'2490299'}], u'name': u'cities', u'location_types': [u'home']}), ('behavior', {u'or': [6023620475783], u'name': u'Expats (US)'}))","{'flexible_spec': [{'behaviors': [{'id': 6023620475783}]}], 'publisher_platforms': ['facebook'], 'geo_locations': {u'cities': [{u'key': u'2490299'}], 'location_types': [u'home']}, 'age_min': 18, 'genders': [0], 'age_max': None}","{""data"":{""users"":6200,""estimate_ready"":true}}",6200,1496049092,"[""facebook""]"
4,Expats Distribution in New York,,{u'min': 18},0.0,"{u'or': [6019396649183], u'name': u'Expats (United States)'}",,,,,"{u'values': [{u'key': u'2490299'}], u'name': u'cities', u'location_types': [u'home']}",,"(('genders', 0), ('ages_ranges', {u'min': 18}), ('geo_locations', {u'values': [{u'key': u'2490299'}], u'name': u'cities', u'location_types': [u'home']}), ('behavior', {u'or': [6019396649183], u'name': u'Expats (United States)'}))","{'flexible_spec': [{'behaviors': [{'id': 6019396649183}]}], 'publisher_platforms': ['facebook'], 'geo_locations': {u'cities': [{u'key': u'2490299'}], 'location_types': [u'home']}, 'age_min': 18, 'genders': [0], 'age_max': None}","{""data"":{""users"":5200,""estimate_ready"":true}}",5200,1496049092,"[""facebook""]"
5,Expats Distribution in New York,,{u'min': 18},0.0,"{u'or': [6021354152983], u'name': u'Expats (UK)'}",,,,,"{u'values': [{u'key': u'2490299'}], u'name': u'cities', u'location_types': [u'home']}",,"(('genders', 0), ('ages_ranges', {u'min': 18}), ('geo_locations', {u'values': [{u'key': u'2490299'}], u'name': u'cities', u'location_types': [u'home']}), ('behavior', {u'or': [6021354152983], u'name': u'Expats (UK)'}))","{'flexible_spec': [{'behaviors': [{'id': 6021354152983}]}], 'publisher_platforms': ['facebook'], 'geo_locations': {u'cities': [{u'key': u'2490299'}], 'location_types': [u'home']}, 'age_min': 18, 'genders': [0], 'age_max': None}","{""data"":{""users"":31000,""estimate_ready"":true}}",31000,1496049092,"[""facebook""]"
6,Expats Distribution in New York,,{u'min': 18},0.0,"{u'or': [6019673501783], u'name': u'Expats (Uganda)'}",,,,,"{u'values': [{u'key': u'2490299'}], u'name': u'cities', u'location_types': [u'home']}",,"(('genders', 0), ('ages_ranges', {u'min': 18}), ('geo_locations', {u'values': [{u'key': u'2490299'}], u'name': u'cities', u'location_types': [u'home']}), ('behavior', {u'or': [6019673501783], u'name': u'Expats (Uganda)'}))","{'flexible_spec': [{'behaviors': [{'id': 6019673501783}]}], 'publisher_platforms': ['facebook'], 'geo_locations': {u'cities': [{u'key': u'2490299'}], 'location_types': [u'home']}, 'age_min': 18, 'genders': [0], 'age_max': None}","{""data"":{""users"":720,""estimate_ready"":true}}",720,1496049092,"[""facebook""]"
7,Expats Distribution in New York,,{u'min': 18},0.0,"{u'or': [6023516430783], u'name': u'Expats (UAE)'}",,,,,"{u'values': [{u'key': u'2490299'}], u'name': u'cities', u'location_types': [u'home']}",,"(('genders', 0), ('ages_ranges', {u'min': 18}), ('geo_locations', {u'values': [{u'key': u'2490299'}], u'name': u'cities', u'location_types': [u'home']}), ('behavior', {u'or': [6023516430783], u'name': u'Expats (UAE)'}))","{'flexible_spec': [{'behaviors': [{'id': 6023516430783}]}], 'publisher_platforms': ['facebook'], 'geo_locations': {u'cities': [{u'key': u'2490299'}], 'location_types': [u'home']}, 'age_min': 18, 'genders': [0], 'age_max': None}","{""data"":{""users"":1600,""estimate_ready"":true}}",1600,1496049092,"[""facebook""]"
8,Expats Distribution in New York,,{u'min': 18},0.0,"{u'or': [6019366994183], u'name': u'Expats (Turkey)'}",,,,,"{u'values': [{u'key': u'2490299'}], u'name': u'cities', u'location_types': [u'home']}",,"(('genders', 0), ('ages_ranges', {u'min': 18}), ('geo_locations', {u'values': [{u'key': u'2490299'}], u'name': u'cities', u'location_types': [u'home']}), ('behavior', {u'or': [6019366994183], u'name': u'Expats (Turkey)'}))","{'flexible_spec': [{'behaviors': [{'id': 6019366994183}]}], 'publisher_platforms': ['facebook'], 'geo_locations': {u'cities': [{u'key': u'2490299'}], 'location_types': [u'home']}, 'age_min': 18, 'genders': [0], 'age_max': None}","{""data"":{""users"":10000,""estimate_ready"":true}}",10000,1496049092,"[""facebook""]"
9,Expats Distribution in New York,,{u'min': 18},0.0,"{u'or': [6019377644783], u'name': u'Expats (Switzerland)'}",,,,,"{u'values': [{u'key': u'2490299'}], u'name': u'cities', u'location_types': [u'home']}",,"(('genders', 0), ('ages_ranges', {u'min': 18}), ('geo_locations', {u'values': [{u'key': u'2490299'}], u'name': u'cities', u'location_types': [u'home']}), ('behavior', {u'or': [6019377644783], u'name': u'Expats (Switzerland)'}))","{'flexible_spec': [{'behaviors': [{'id': 6019377644783}]}], 'publisher_platforms': ['facebook'], 'geo_locations': {u'cities': [{u'key': u'2490299'}], 'location_types': [u'home']}, 'age_min': 18, 'genders': [0], 'age_max': None}","{""data"":{""users"":2300,""estimate_ready"":true}}",2300,1496049092,"[""facebook""]"
10,Expats Distribution in New York,,{u'min': 18},0.0,"{u'or': [6023516315983], u'name': u'Expats (Sri Lanka)'}",,,,,"{u'values': [{u'key': u'2490299'}], u'name': u'cities', u'location_types': [u'home']}",,"(('genders', 0), ('ages_ranges', {u'min': 18}), ('geo_locations', {u'values': [{u'key': u'2490299'}], u'name': u'cities', u'location_types': [u'home']}), ('behavior', {u'or': [6023516315983], u'name': u'Expats (Sri Lanka)'}))","{'flexible_spec': [{'behaviors': [{'id': 6023516315983}]}], 'publisher_platforms': ['facebook'], 'geo_locations': {u'cities': [{u'key': u'2490299'}], 'location_types': [u'home']}, 'age_min': 18, 'genders': [0], 'age_max': None}","{""data"":{""users"":4200,""estimate_ready"":true}}",4200,1496049092,"[""facebook""]"
11,Expats Distribution in New York,,{u'min': 18},0.0,"{u'or': [6019366943583], u'name': u'Expats (Spain)'}",,,,,"{u'values': [{u'key': u'2490299'}], u'name': u'cities', u'location_types': [u'home']}",,"(('genders', 0), ('ages_ranges', {u'min': 18}), ('geo_locations', {u'values': [{u'key': u'2490299'}], u'name': u'cities', u'location_types': [u'home']}), ('behavior', {u'or': [6019366943583], u'name': u'Expats (Spain)'}))","{'flexible_spec': [{'behaviors': [{'id': 6019366943583}]}], 'publisher_platforms': ['facebook'], 'geo_locations': {u'cities': [{u'key': u'2490299'}], 'location_types': [u'home']}, 'age_min': 18, 'genders': [0], 'age_max': None}","{""data"":{""users"":10000,""estimate_ready"":true}}",10000,1496049092,"[""facebook""]"
12,Expats Distribution in New York,,{u'min': 18},0.0,"{u'or': [6027148973583], u'name': u'Expats (South Korea)'}",,,,,"{u'values': [{u'key': u'2490299'}], u'name': u'cities', u'location_types': [u'home']}",,"(('genders', 0), ('ages_ranges', {u'min': 18}), ('geo_locations', {u'values': [{u'key': u'2490299'}], u'name': u'cities', u'location_types': [u'home']}), ('behavior', {u'or': [6027148973583], u'name': u'Expats (South Korea)'}))","{'flexible_spec': [{'behaviors': [{'id': 6027148973583}]}], 'publisher_platforms': ['facebook'], 'geo_locations': {u'cities': [{u'key': u'2490299'}], 'location_types': [u'home']}, 'age_min': 18, 'genders': [0], 'age_max': None}","{""data"":{""users"":31000,""estimate_ready"":true}}",31000,1496049092,"[""facebook""]"
13,Expats Distribution in New York,,{u'min': 18},0.0,"{u'or': [6019564383383], u'name': u'Expats (South Africa)'}",,,,,"{u'values': [{u'key': u'2490299'}], u'name': u'cities', u'location_types': [u'home']}",,"(('genders', 0), ('ages_ranges', {u'min': 18}), ('geo_locations', {u'values': [{u'key': u'2490299'}], u'name': u'cities', u'location_types': [u'home']}), ('behavior', {u'or': [6019564383383], u'name': u'Expats (South Africa)'}))","{'flexible_spec': [{'behaviors': [{'id': 6019564383383}]}], 'publisher_platforms': ['facebook'], 'geo_locations': {u'cities': [{u'key': u'2490299'}], 'location_types': [u'home']}, 'age_min': 18, 'genders': [0], 'age_max': None}","{""data"":{""users"":4600,""estimate_ready"":true}}",4600,1496049092,"[""facebook""]"
14,Expats Distribution in New York,,{u'min': 18},0.0,"{u'or': [6023516403783], u'name': u'Expats (Singapore)'}",,,,,"{u'values': [{u'key': u'2490299'}], u'name': u'cities', u'location_types': [u'home']}",,"(('genders', 0), ('ages_ranges', {u'min': 18}), ('geo_locations', {u'values': [{u'key': u'2490299'}], u'name': u'cities', u'location_types': [u'home']}), ('behavior', {u'or': [6023516403783], u'name': u'Expats (Singapore)'}))","{'flexible_spec': [{'behaviors': [{'id': 6023516403783}]}], 'publisher_platforms': ['facebook'], 'geo_locations': {u'cities': [{u'key': u'2490299'}], 'location_types': [u'home']}, 'age_min': 18, 'genders': [0], 'age_max': None}","{""data"":{""users"":2800,""estimate_ready"":true}}",2800,1496049092,"[""facebook""]"
15,Expats Distribution in New York,,{u'min': 18},0.0,"{u'or': [6027149004983], u'name': u'Expats (Serbia)'}",,,,,"{u'values': [{u'key': u'2490299'}], u'name': u'cities', u'location_types': [u'home']}",,"(('genders', 0), ('ages_ranges', {u'min': 18}), ('geo_locations', {u'values': [{u'key': u'2490299'}], u'name': u'cities', u'location_types': [u'home']}), ('behavior', {u'or': [6027149004983], u'name': u'Expats (Serbia)'}))","{'flexible_spec': [{'behaviors': [{'id': 6027149004983}]}], 'publisher_platforms': ['facebook'], 'geo_locations': {u'cities': [{u'key': u'2490299'}], 'location_types': [u'home']}, 'age_min': 18, 'genders': [0], 'age_max': None}","{""data"":{""users"":4700,""estimate_ready"":true}}",4700,1496049092,"[""facebook""]"
16,Expats Distribution in New York,,{u'min': 18},0.0,"{u'or': [6023357000583], u'name': u'Expats (Senegal)'}",,,,,"{u'values': [{u'key': u'2490299'}], u'name': u'cities', u'location_types': [u'home']}",,"(('genders', 0), ('ages_ranges', {u'min': 18}), ('geo_locations', {u'values': [{u'key': u'2490299'}], u'name': u'cities', u'location_types': [u'home']}), ('behavior', {u'or': [6023357000583], u'name': u'Expats (Senegal)'}))","{'flexible_spec': [{'behaviors': [{'id': 6023357000583}]}], 'publisher_platforms': ['facebook'], 'geo_locations': {u'cities': [{u'key': u'2490299'}], 'location_types': [u'home']}, 'age_min': 18, 'genders': [0], 'age_max': None}","{""data"":{""users"":5900,""estimate_ready"":true}}",5900,1496049092,"[""facebook""]"
17,Expats Distribution in New York,,{u'min': 18},0.0,"{u'or': [6025000813183], u'name': u'Expats (Saudi Arabia)'}",,,,,"{u'values': [{u'key': u'2490299'}], u'name': u'cities', u'location_types': [u'home']}",,"(('genders', 0), ('ages_ranges', {u'min': 18}), ('geo_locations', {u'values': [{u'key': u'2490299'}], u'name': u'cities', u'location_types': [u'home']}), ('behavior', {u'or': [6025000813183], u'name': u'Expats (Saudi Arabia)'}))","{'flexible_spec': [{'behaviors': [{'id': 6025000813183}]}], 'publisher_platforms': ['facebook'], 'geo_locations': {u'cities': [{u'key': u'2490299'}], 'location_types': [u'home']}, 'age_min': 18, 'genders': [0], 'age_max': None}","{""data"":{""users"":1500,""estimate_ready"":true}}",1500,1496049092,"[""facebook""]"
18,Expats Distribution in New York,,{u'min': 18},0.0,"{u'or': [6025670492783], u'name': u'Expats (Rwanda)'}",,,,,"{u'values': [{u'key': u'2490299'}], u'name': u'cities', u'location_types': [u'home']}",,"(('genders', 0), ('ages_ranges', {u'min': 18}), ('geo_locations', {u'values': [{u'key': u'2490299'}], u'name': u'cities', u'location_types': [u'home']}), ('behavior', {u'or': [6025670492783], u'name': u'Expats (Rwanda)'}))","{'flexible_spec': [{'behaviors': [{'id': 6025670492783}]}], 'publisher_platforms': ['facebook'], 'geo_locations': {u'cities': [{u'key': u'2490299'}], 'location_types': [u'home']}, 'age_min': 18, 'genders': [0], 'age_max': None}","{""data"":{""users"":160,""estimate_ready"":true}}",160,1496049092,"[""facebook""]"
19,Expats Distribution in New York,,{u'min': 18},0.0,"{u'or': [6025000815983], u'name': u'Expats (Russia)'}",,,,,"{u'values': [{u'key': u'2490299'}], u'name': u'cities', u'location_types': [u'home']}",,"(('genders', 0), ('ages_ranges', {u'min': 18}), ('geo_locations', {u'values': [{u'key': u'2490299'}], u'name': u'cities', u'location_types': [u'home']}), ('behavior', {u'or': [6025000815983], u'name': u'Expats (Russia)'}))","{'flexible_spec': [{'behaviors': [{'id': 6025000815983}]}], 'publisher_platforms': ['facebook'], 'geo_locations': {u'cities': [{u'key': u'2490299'}], 'location_types': [u'home']}, 'age_min': 18, 'genders': [0], 'age_max': None}","{""data"":{""users"":17000,""estimate_ready"":true}}",17000,1496049092,"[""facebook""]"
20,Expats Distribution in New York,,{u'min': 18},0.0,"{u'or': [6027148962983], u'name': u'Expats (Romania)'}",,,,,"{u'values': [{u'key': u'2490299'}], u'name': u'cities', u'location_types': [u'home']}",,"(('genders', 0), ('ages_ranges', {u'min': 18}), ('geo_locations', {u'values': [{u'key': u'2490299'}], u'name': u'cities', u'location_types': [u'home']}), ('behavior', {u'or': [6027148962983], u'name': u'Expats (Romania)'}))","{'flexible_spec': [{'behaviors': [{'id': 6027148962983}]}], 'publisher_platforms': ['facebook'], 'geo_locations': {u'cities': [{u'key': u'2490299'}], 'location_types': [u'home']}, 'age_min': 18, 'genders': [0], 'age_max': None}","{""data"":{""users"":7500,""estimate_ready"":true}}",7500,1496049092,"[""facebook""]"
21,Expats Distribution in New York,,{u'min': 18},0.0,"{u'or': [6019520122583], u'name': u'Expats (Puerto Rico)'}",,,,,"{u'values': [{u'key': u'2490299'}], u'name': u'cities', u'location_types': [u'home']}",,"(('genders', 0), ('ages_ranges', {u'min': 18}), ('geo_locations', {u'values': [{u'key': u'2490299'}], u'name': u'cities', u'location_types': [u'home']}), ('behavior', {u'or': [6019520122583], u'name': u'Expats (Puerto Rico)'}))","{'flexible_spec': [{'behaviors': [{'id': 6019520122583}]}], 'publisher_platforms': ['facebook'], 'geo_locations': {u'cities': [{u'key': u'2490299'}], 'location_types': [u'home']}, 'age_min': 18, 'genders': [0], 'age_max': None}","{""data"":{""users"":64000,""estimate_ready"":true}}",64000,1496049092,"[""facebook""]"
22,Expats Distribution in New York,,{u'min': 18},0.0,"{u'or': [6021354882783], u'name': u'Expats (Portugal)'}",,,,,"{u'values': [{u'key': u'2490299'}], u'name': u'cities', u'location_types': [u'home']}",,"(('genders', 0), ('ages_ranges', {u'min': 18}), ('geo_locations', {u'values': [{u'key': u'2490299'}], u'name': u'cities', u'location_types': [u'home']}), ('behavior', {u'or': [6021354882783], u'name': u'Expats (Portugal)'}))","{'flexible_spec': [{'behaviors': [{'id': 6021354882783}]}], 'publisher_platforms': ['facebook'], 'geo_locations': {u'cities': [{u'key': u'2490299'}], 'location_types': [u'home']}, 'age_min': 18, 'genders': [0], 'age_max': None}","{""data"":{""users"":4800,""estimate_ready"":true}}",4800,1496049092,"[""facebook""]"
23,Expats Distribution in New York,,{u'min': 18},0.0,"{u'or': [6019396657183], u'name': u'Expats (Poland)'}",,,,,"{u'values': [{u'key': u'2490299'}], u'name': u'cities', u'location_types': [u'home']}",,"(('genders', 0), ('ages_ranges', {u'min': 18}), ('geo_locations', {u'values': [{u'key': u'2490299'}], u'name': u'cities', u'location_types': [u'home']}), ('behavior', {u'or': [6019396657183], u'name': u'Expats (Poland)'}))","{'flexible_spec': [{'behaviors': [{'id': 6019396657183}]}], 'publisher_platforms': ['facebook'], 'geo_locations': {u'cities': [{u'key': u'2490299'}], 'location_types': [u'home']}, 'age_min': 18, 'genders': [0], 'age_max': None}","{""data"":{""users"":22000,""estimate_ready"":true}}",22000,1496049092,"[""facebook""]"
24,Expats Distribution in New York,,{u'min': 18},0.0,"{u'or': [6018797091183], u'name': u'Expats (Philippines)'}",,,,,"{u'values': [{u'key': u'2490299'}], u'name': u'cities', u'location_types': [u'home']}",,"(('genders', 0), ('ages_ranges', {u'min': 18}), ('geo_locations', {u'values': [{u'key': u'2490299'}], u'name': u'cities', u'location_types': [u'home']}), ('behavior', {u'or': [6018797091183], u'name': u'Expats (Philippines)'}))","{'flexible_spec': [{'behaviors': [{'id': 6018797091183}]}], 'publisher_platforms': ['facebook'], 'geo_locations': {u'cities': [{u'key': u'2490299'}], 'location_types': [u'home']}, 'age_min': 18, 'genders': [0], 'age_max': None}","{""data"":{""users"":66000,""estimate_ready"":true}}",66000,1496049092,"[""facebook""]"
25,Expats Distribution in New York,,{u'min': 18},0.0,"{u'or': [6027149008183], u'name': u'Expats (Peru)'}",,,,,"{u'values': [{u'key': u'2490299'}], u'name': u'cities', u'location_types': [u'home']}",,"(('genders', 0), ('ages_ranges', {u'min': 18}), ('geo_locations', {u'values': [{u'key': u'2490299'}], u'name': u'cities', u'location_types': [u'home']}), ('behavior', {u'or': [6027149008183], u'name': u'Expats (Peru)'}))","{'flexible_spec': [{'behaviors': [{'id': 6027149008183}]}], 'publisher_platforms': ['facebook'], 'geo_locations': {u'cities': [{u'key': u'2490299'}], 'location_types': [u'home']}, 'age_min': 18, 'genders': [0], 'age_max': None}","{""data"":{""users"":37000,""estimate_ready"":true}}",37000,1496049092,"[""facebook""]"
26,Expats Distribution in New York,,{u'min': 18},0.0,"{u'or': [6016916394383], u'name': u'Expats (Pakistani)'}",,,,,"{u'values': [{u'key': u'2490299'}], u'name': u'cities', u'location_types': [u'home']}",,"(('genders', 0), ('ages_ranges', {u'min': 18}), ('geo_locations', {u'values': [{u'key': u'2490299'}], u'name': u'cities', u'location_types': [u'home']}), ('behavior', {u'or': [6016916394383], u'name': u'Expats (Pakistani)'}))","{'flexible_spec': [{'behaviors': [{'id': 6016916394383}]}], 'publisher_platforms': ['facebook'], 'geo_locations': {u'cities': [{u'key': u'2490299'}], 'location_types': [u'home']}, 'age_min': 18, 'genders': [0], 'age_max': None}","{""data"":{""users"":27000,""estimate_ready"":true}}",27000,1496049092,"[""facebook""]"
27,Expats Distribution in New York,,{u'min': 18},0.0,"{u'or': [6027147189983], u'name': u'Expats (Pakistan)'}",,,,,"{u'values': [{u'key': u'2490299'}], u'name': u'cities', u'location_types': [u'home']}",,"(('genders', 0), ('ages_ranges', {u'min': 18}), ('geo_locations', {u'values': [{u'key': u'2490299'}], u'name': u'cities', u'location_types': [u'home']}), ('behavior', {u'or': [6027147189983], u'name': u'Expats (Pakistan)'}))","{'flexible_spec': [{'behaviors': [{'id': 6027147189983}]}], 'publisher_platforms': ['facebook'], 'geo_locations': {u'cities': [{u'key': u'2490299'}], 'location_types': [u'home']}, 'age_min': 18, 'genders': [0], 'age_max': None}","{""data"":{""users"":27000,""estimate_ready"":true}}",27000,1496049092,"[""facebook""]"
28,Expats Distribution in New York,,{u'min': 18},0.0,"{u'or': [6018797004183], u'name': u'Expats (Nigeria)'}",,,,,"{u'values': [{u'key': u'2490299'}], u'name': u'cities', u'location_types': [u'home']}",,"(('genders', 0), ('ages_ranges', {u'min': 18}), ('geo_locations', {u'values': [{u'key': u'2490299'}], u'name': u'cities', u'location_types': [u'home']}), ('behavior', {u'or': [6018797004183], u'name': u'Expats (Nigeria)'}))","{'flexible_spec': [{'behaviors': [{'id': 6018797004183}]}], 'publisher_platforms': ['facebook'], 'geo_locations': {u'cities': [{u'key': u'2490299'}], 'location_types': [u'home']}, 'age_min': 18, 'genders': [0], 'age_max': None}","{""data"":{""users"":18000,""estimate_ready"":true}}",18000,1496049092,"[""facebook""]"
29,Expats Distribution in New York,,{u'min': 18},0.0,"{u'or': [6023516368383], u'name': u'Expats (New Zealand)'}",,,,,"{u'values': [{u'key': u'2490299'}], u'name': u'cities', u'location_types': [u'home']}",,"(('genders', 0), ('ages_ranges', {u'min': 18}), ('geo_locations', {u'values': [{u'key': u'2490299'}], u'name': u'cities', u'location_types': [u'home']}), ('behavior', {u'or': [6023516368383], u'name': u'Expats (New Zealand)'}))","{'flexible_spec': [{'behaviors': [{'id': 6023516368383}]}], 'publisher_platforms': ['facebook'], 'geo_locations': {u'cities': [{u'key': u'2490299'}], 'location_types': [u'home']}, 'age_min': 18, 'genders': [0], 'age_max': None}","{""data"":{""users"":2100,""estimate_ready"":true}}",2100,1496049092,"[""facebook""]"
30,Expats Distribution in New York,,{u'min': 18},0.0,"{u'or': [6023287393783], u'name': u'Expats (Netherlands)'}",,,,,"{u'values': [{u'key': u'2490299'}], u'name': u'cities', u'location_types': [u'home']}",,"(('genders', 0), ('ages_ranges', {u'min': 18}), ('geo_locations', {u'values': [{u'key': u'2490299'}], u'name': u'cities', u'location_types': [u'home']}), ('behavior', {u'or': [6023287393783], u'name': u'Expats (Netherlands)'}))","{'flexible_spec': [{'behaviors': [{'id': 6023287393783}]}], 'publisher_platforms': ['facebook'], 'geo_locations': {u'cities': [{u'key': u'2490299'}], 'location_types': [u'home']}, 'age_min': 18, 'genders': [0], 'age_max': None}","{""data"":{""users"":3200,""estimate_ready"":true}}",3200,1496049092,"[""facebook""]"
31,Expats Distribution in New York,,{u'min': 18},0.0,"{u'or': [6023356955383], u'name': u'Expats (Nepal)'}",,,,,"{u'values': [{u'key': u'2490299'}], u'name': u'cities', u'location_types': [u'home']}",,"(('genders', 0), ('ages_ranges', {u'min': 18}), ('geo_locations', {u'values': [{u'key': u'2490299'}], u'name': u'cities', u'location_types': [u'home']}), ('behavior', {u'or': [6023356955383], u'name': u'Expats (Nepal)'}))","{'flexible_spec': [{'behaviors': [{'id': 6023356955383}]}], 'publisher_platforms': ['facebook'], 'geo_locations': {u'cities': [{u'key': u'2490299'}], 'location_types': [u'home']}, 'age_min': 18, 'genders': [0], 'age_max': None}","{""data"":{""users"":15000,""estimate_ready"":true}}",15000,1496049092,"[""facebook""]"
32,Expats Distribution in New York,,{u'min': 18},0.0,"{u'or': [6023516338783], u'name': u'Expats (Morocco)'}",,,,,"{u'values': [{u'key': u'2490299'}], u'name': u'cities', u'location_types': [u'home']}",,"(('genders', 0), ('ages_ranges', {u'min': 18}), ('geo_locations', {u'values': [{u'key': u'2490299'}], u'name': u'cities', u'location_types': [u'home']}), ('behavior', {u'or': [6023516338783], u'name': u'Expats (Morocco)'}))","{'flexible_spec': [{'behaviors': [{'id': 6023516338783}]}], 'publisher_platforms': ['facebook'], 'geo_locations': {u'cities': [{u'key': u'2490299'}], 'location_types': [u'home']}, 'age_min': 18, 'genders': [0], 'age_max': None}","{""data"":{""users"":6100,""estimate_ready"":true}}",6100,1496049092,"[""facebook""]"
33,Expats Distribution in New York,,{u'min': 18},0.0,"{u'or': [6023676072183], u'name': u'Expats (Mexico)'}",,,,,"{u'values': [{u'key': u'2490299'}], u'name': u'cities', u'location_types': [u'home']}",,"(('genders', 0), ('ages_ranges', {u'min': 18}), ('geo_locations', {u'values': [{u'key': u'2490299'}], u'name': u'cities', u'location_types': [u'home']}), ('behavior', {u'or': [6023676072183], u'name': u'Expats (Mexico)'}))","{'flexible_spec': [{'behaviors': [{'id': 6023676072183}]}], 'publisher_platforms': ['facebook'], 'geo_locations': {u'cities': [{u'key': u'2490299'}], 'location_types': [u'home']}, 'age_min': 18, 'genders': [0], 'age_max': None}","{""data"":{""users"":190000,""estimate_ready"":true}}",190000,1496049092,"[""facebook""]"
34,Expats Distribution in New York,,{u'min': 18},0.0,"{u'or': [6027147160983], u'name': u'Expats (Malaysia)'}",,,,,"{u'values': [{u'key': u'2490299'}], u'name': u'cities', u'location_types': [u'home']}",,"(('genders', 0), ('ages_ranges', {u'min': 18}), ('geo_locations', {u'values': [{u'key': u'2490299'}], u'name': u'cities', u'location_types': [u'home']}), ('behavior', {u'or': [6027147160983], u'name': u'Expats (Malaysia)'}))","{'flexible_spec': [{'behaviors': [{'id': 6027147160983}]}], 'publisher_platforms': ['facebook'], 'geo_locations': {u'cities': [{u'key': u'2490299'}], 'location_types': [u'home']}, 'age_min': 18, 'genders': [0], 'age_max': None}","{""data"":{""users"":7700,""estimate_ready"":true}}",7700,1496049092,"[""facebook""]"
35,Expats Distribution in New York,,{u'min': 18},0.0,"{u'or': [6068613839383], u'name': u'Expats (Latvia)'}",,,,,"{u'values': [{u'key': u'2490299'}], u'name': u'cities', u'location_types': [u'home']}",,"(('genders', 0), ('ages_ranges', {u'min': 18}), ('geo_locations', {u'values': [{u'key': u'2490299'}], u'name': u'cities', u'location_types': [u'home']}), ('behavior', {u'or': [6068613839383], u'name': u'Expats (Latvia)'}))","{'flexible_spec': [{'behaviors': [{'id': 6068613839383}]}], 'publisher_platforms': ['facebook'], 'geo_locations': {u'cities': [{u'key': u'2490299'}], 'location_types': [u'home']}, 'age_min': 18, 'genders': [0], 'age_max': None}","{""data"":{""users"":1100,""estimate_ready"":true}}",1100,1496049092,"[""facebook""]"
36,Expats Distribution in New York,,{u'min': 18},0.0,"{u'or': [6018796980983], u'name': u'Expats (Kenya)'}",,,,,"{u'values': [{u'key': u'2490299'}], u'name': u'cities', u'location_types': [u'home']}",,"(('genders', 0), ('ages_ranges', {u'min': 18}), ('geo_locations', {u'values': [{u'key': u'2490299'}], u'name': u'cities', u'location_types': [u'home']}), ('behavior', {u'or': [6018796980983], u'name': u'Expats (Kenya)'}))","{'flexible_spec': [{'behaviors': [{'id': 6018796980983}]}], 'publisher_platforms': ['facebook'], 'geo_locations': {u'cities': [{u'key': u'2490299'}], 'location_types': [u'home']}, 'age_min': 18, 'genders': [0], 'age_max': None}","{""data"":{""users"":2200,""estimate_ready"":true}}",2200,1496049092,"[""facebook""]"
37,Expats Distribution in New York,,{u'min': 18},0.0,"{u'or': [6023676028783], u'name': u'Expats (Japan)'}",,,,,"{u'values': [{u'key': u'2490299'}], u'name': u'cities', u'location_types': [u'home']}",,"(('genders', 0), ('ages_ranges', {u'min': 18}), ('geo_locations', {u'values': [{u'key': u'2490299'}], u'name': u'cities', u'location_types': [u'home']}), ('behavior', {u'or': [6023676028783], u'name': u'Expats (Japan)'}))","{'flexible_spec': [{'behaviors': [{'id': 6023676028783}]}], 'publisher_platforms': ['facebook'], 'geo_locations': {u'cities': [{u'key': u'2490299'}], 'location_types': [u'home']}, 'age_min': 18, 'genders': [0], 'age_max': None}","{""data"":{""users"":16000,""estimate_ready"":true}}",16000,1496049092,"[""facebook""]"
38,Expats Distribution in New York,,{u'min': 18},0.0,"{u'or': [6019396654583], u'name': u'Expats (Italy)'}",,,,,"{u'values': [{u'key': u'2490299'}], u'name': u'cities', u'location_types': [u'home']}",,"(('genders', 0), ('ages_ranges', {u'min': 18}), ('geo_locations', {u'values': [{u'key': u'2490299'}], u'name': u'cities', u'location_types': [u'home']}), ('behavior', {u'or': [6019396654583], u'name': u'Expats (Italy)'}))","{'flexible_spec': [{'behaviors': [{'id': 6019396654583}]}], 'publisher_platforms': ['facebook'], 'geo_locations': {u'cities': [{u'key': u'2490299'}], 'location_types': [u'home']}, 'age_min': 18, 'genders': [0], 'age_max': None}","{""data"":{""users"":22000,""estimate_ready"":true}}",22000,1496049092,"[""facebook""]"
39,Expats Distribution in New York,,{u'min': 18},0.0,"{u'or': [6025000823583], u'name': u'Expats (Israel)'}",,,,,"{u'values': [{u'key': u'2490299'}], u'name': u'cities', u'location_types': [u'home']}",,"(('genders', 0), ('ages_ranges', {u'min': 18}), ('geo_locations', {u'values': [{u'key': u'2490299'}], u'name': u'cities', u'location_types': [u'home']}), ('behavior', {u'or': [6025000823583], u'name': u'Expats (Israel)'}))","{'flexible_spec': [{'behaviors': [{'id': 6025000823583}]}], 'publisher_platforms': ['facebook'], 'geo_locations': {u'cities': [{u'key': u'2490299'}], 'location_types': [u'home']}, 'age_min': 18, 'genders': [0], 'age_max': None}","{""data"":{""users"":17000,""estimate_ready"":true}}",17000,1496049092,"[""facebook""]"
40,Expats Distribution in New York,,{u'min': 18},0.0,"{u'or': [6019396650783], u'name': u'Expats (Ireland)'}",,,,,"{u'values': [{u'key': u'2490299'}], u'name': u'cities', u'location_types': [u'home']}",,"(('genders', 0), ('ages_ranges', {u'min': 18}), ('geo_locations', {u'values': [{u'key': u'2490299'}], u'name': u'cities', u'location_types': [u'home']}), ('behavior', {u'or': [6019396650783], u'name': u'Expats (Ireland)'}))","{'flexible_spec': [{'behaviors': [{'id': 6019396650783}]}], 'publisher_platforms': ['facebook'], 'geo_locations': {u'cities': [{u'key': u'2490299'}], 'location_types': [u'home']}, 'age_min': 18, 'genders': [0], 'age_max': None}","{""data"":{""users"":11000,""estimate_ready"":true}}",11000,1496049092,"[""facebook""]"
41,Expats Distribution in New York,,{u'min': 18},0.0,"{u'or': [6027149017383], u'name': u'Expats (Iran)'}",,,,,"{u'values': [{u'key': u'2490299'}], u'name': u'cities', u'location_types': [u'home']}",,"(('genders', 0), ('ages_ranges', {u'min': 18}), ('geo_locations', {u'values': [{u'key': u'2490299'}], u'name': u'cities', u'location_types': [u'home']}), ('behavior', {u'or': [6027149017383], u'name': u'Expats (Iran)'}))","{'flexible_spec': [{'behaviors': [{'id': 6027149017383}]}], 'publisher_platforms': ['facebook'], 'geo_locations': {u'cities': [{u'key': u'2490299'}], 'location_types': [u'home']}, 'age_min': 18, 'genders': [0], 'age_max': None}","{""data"":{""users"":5300,""estimate_ready"":true}}",5300,1496049092,"[""facebook""]"
42,Expats Distribution in New York,,{u'min': 18},0.0,"{u'or': [6019564344583], u'name': u'Expats (Indonesia)'}",,,,,"{u'values': [{u'key': u'2490299'}], u'name': u'cities', u'location_types': [u'home']}",,"(('genders', 0), ('ages_ranges', {u'min': 18}), ('geo_locations', {u'values': [{u'key': u'2490299'}], u'name': u'cities', u'location_types': [u'home']}), ('behavior', {u'or': [6019564344583], u'name': u'Expats (Indonesia)'}))","{'flexible_spec': [{'behaviors': [{'id': 6019564344583}]}], 'publisher_platforms': ['facebook'], 'geo_locations': {u'cities': [{u'key': u'2490299'}], 'location_types': [u'home']}, 'age_min': 18, 'genders': [0], 'age_max': None}","{""data"":{""users"":7800,""estimate_ready"":true}}",7800,1496049092,"[""facebook""]"
43,Expats Distribution in New York,,{u'min': 18},0.0,"{u'or': [6016916298983], u'name': u'Expats (India)'}",,,,,"{u'values': [{u'key': u'2490299'}], u'name': u'cities', u'location_types': [u'home']}",,"(('genders', 0), ('ages_ranges', {u'min': 18}), ('geo_locations', {u'values': [{u'key': u'2490299'}], u'name': u'cities', u'location_types': [u'home']}), ('behavior', {u'or': [6016916298983], u'name': u'Expats (India)'}))","{'flexible_spec': [{'behaviors': [{'id': 6016916298983}]}], 'publisher_platforms': ['facebook'], 'geo_locations': {u'cities': [{u'key': u'2490299'}], 'location_types': [u'home']}, 'age_min': 18, 'genders': [0], 'age_max': None}","{""data"":{""users"":93000,""estimate_ready"":true}}",93000,1496049092,"[""facebook""]"
44,Expats Distribution in New York,,{u'min': 18},0.0,"{u'or': [6019396638383], u'name': u'Expats (Hungary)'}",,,,,"{u'values': [{u'key': u'2490299'}], u'name': u'cities', u'location_types': [u'home']}",,"(('genders', 0), ('ages_ranges', {u'min': 18}), ('geo_locations', {u'values': [{u'key': u'2490299'}], u'name': u'cities', u'location_types': [u'home']}), ('behavior', {u'or': [6019396638383], u'name': u'Expats (Hungary)'}))","{'flexible_spec': [{'behaviors': [{'id': 6019396638383}]}], 'publisher_platforms': ['facebook'], 'geo_locations': {u'cities': [{u'key': u'2490299'}], 'location_types': [u'home']}, 'age_min': 18, 'genders': [0], 'age_max': None}","{""data"":{""users"":3300,""estimate_ready"":true}}",3300,1496049092,"[""facebook""]"
45,Expats Distribution in New York,,{u'min': 18},0.0,"{u'or': [6023676022783], u'name': u'Expats (Hong Kong)'}",,,,,"{u'values': [{u'key': u'2490299'}], u'name': u'cities', u'location_types': [u'home']}",,"(('genders', 0), ('ages_ranges', {u'min': 18}), ('geo_locations', {u'values': [{u'key': u'2490299'}], u'name': u'cities', u'location_types': [u'home']}), ('behavior', {u'or': [6023676022783], u'name': u'Expats (Hong Kong)'}))","{'flexible_spec': [{'behaviors': [{'id': 6023676022783}]}], 'publisher_platforms': ['facebook'], 'geo_locations': {u'cities': [{u'key': u'2490299'}], 'location_types': [u'home']}, 'age_min': 18, 'genders': [0], 'age_max': None}","{""data"":{""users"":15000,""estimate_ready"":true}}",15000,1496049092,"[""facebook""]"
46,Expats Distribution in New York,,{u'min': 18},0.0,"{u'or': [6059793664583], u'name': u'Expats (Honduras)'}",,,,,"{u'values': [{u'key': u'2490299'}], u'name': u'cities', u'location_types': [u'home']}",,"(('genders', 0), ('ages_ranges', {u'min': 18}), ('geo_locations', {u'values': [{u'key': u'2490299'}], u'name': u'cities', u'location_types': [u'home']}), ('behavior', {u'or': [6059793664583], u'name': u'Expats (Honduras)'}))","{'flexible_spec': [{'behaviors': [{'id': 6059793664583}]}], 'publisher_platforms': ['facebook'], 'geo_locations': {u'cities': [{u'key': u'2490299'}], 'location_types': [u'home']}, 'age_min': 18, 'genders': [0], 'age_max': None}","{""data"":{""users"":50000,""estimate_ready"":true}}",50000,1496049092,"[""facebook""]"
47,Expats Distribution in New York,,{u'min': 18},0.0,"{u'or': [6018797373783], u'name': u'Expats (Haiti)'}",,,,,"{u'values': [{u'key': u'2490299'}], u'name': u'cities', u'location_types': [u'home']}",,"(('genders', 0), ('ages_ranges', {u'min': 18}), ('geo_locations', {u'values': [{u'key': u'2490299'}], u'name': u'cities', u'location_types': [u'home']}), ('behavior', {u'or': [6018797373783], u'name': u'Expats (Haiti)'}))","{'flexible_spec': [{'behaviors': [{'id': 6018797373783}]}], 'publisher_platforms': ['facebook'], 'geo_locations': {u'cities': [{u'key': u'2490299'}], 'location_types': [u'home']}, 'age_min': 18, 'genders': [0], 'age_max': None}","{""data"":{""users"":33000,""estimate_ready"":true}}",33000,1496049092,"[""facebook""]"
48,Expats Distribution in New York,,{u'min': 18},0.0,"{u'or': [6019673808383], u'name': u'Expats (Guatemala)'}",,,,,"{u'values': [{u'key': u'2490299'}], u'name': u'cities', u'location_types': [u'home']}",,"(('genders', 0), ('ages_ranges', {u'min': 18}), ('geo_locations', {u'values': [{u'key': u'2490299'}], u'name': u'cities', u'location_types': [u'home']}), ('behavior', {u'or': [6019673808383], u'name': u'Expats (Guatemala)'}))","{'flexible_spec': [{'behaviors': [{'id': 6019673808383}]}], 'publisher_platforms': ['facebook'], 'geo_locations': {u'cities': [{u'key': u'2490299'}], 'location_types': [u'home']}, 'age_min': 18, 'genders': [0], 'age_max': None}","{""data"":{""users"":61000,""estimate_ready"":true}}",61000,1496049092,"[""facebook""]"
49,Expats Distribution in New York,,{u'min': 18},0.0,"{u'or': [6023676017583], u'name': u'Expats (Greece)'}",,,,,"{u'values': [{u'key': u'2490299'}], u'name': u'cities', u'location_types': [u'home']}",,"(('genders', 0), ('ages_ranges', {u'min': 18}), ('geo_locations', {u'values': [{u'key': u'2490299'}], u'name': u'cities', u'location_types': [u'home']}), ('behavior', {u'or': [6023676017583], u'name': u'Expats (Greece)'}))","{'flexible_spec': [{'behaviors': [{'id': 6023676017583}]}], 'publisher_platforms': ['facebook'], 'geo_locations': {u'cities': [{u'key': u'2490299'}], 'location_types': [u'home']}, 'age_min': 18, 'genders': [0], 'age_max': None}","{""data"":{""users"":20,""estimate_ready"":true}}",20,1496049092,"[""facebook""]"
50,Expats Distribution in New York,,{u'min': 18},0.0,"{u'or': [6019673448383], u'name': u'Expats (Ghana)'}",,,,,"{u'values': [{u'key': u'2490299'}], u'name': u'cities', u'location_types': [u'home']}",,"(('genders', 0), ('ages_ranges', {u'min': 18}), ('geo_locations', {u'values': [{u'key': u'2490299'}], u'name': u'cities', u'location_types': [u'home']}), ('behavior', {u'or': [6019673448383], u'name': u'Expats (Ghana)'}))","{'flexible_spec': [{'behaviors': [{'id': 6019673448383}]}], 'publisher_platforms': ['facebook'], 'geo_locations': {u'cities': [{u'key': u'2490299'}], 'location_types': [u'home']}, 'age_min': 18, 'genders': [0], 'age_max': None}","{""data"":{""users"":17000,""estimate_ready"":true}}",17000,1496049092,"[""facebook""]"
51,Expats Distribution in New York,,{u'min': 18},0.0,"{u'or': [6019367052983], u'name': u'Expats (Germany)'}",,,,,"{u'values': [{u'key': u'2490299'}], u'name': u'cities', u'location_types': [u'home']}",,"(('genders', 0), ('ages_ranges', {u'min': 18}), ('geo_locations', {u'values': [{u'key': u'2490299'}], u'name': u'cities', u'location_types': [u'home']}), ('behavior', {u'or': [6019367052983], u'name': u'Expats (Germany)'}))","{'flexible_spec': [{'behaviors': [{'id': 6019367052983}]}], 'publisher_platforms': ['facebook'], 'geo_locations': {u'cities': [{u'key': u'2490299'}], 'location_types': [u'home']}, 'age_min': 18, 'genders': [0], 'age_max': None}","{""data"":{""users"":10000,""estimate_ready"":true}}",10000,1496049092,"[""facebook""]"
52,Expats Distribution in New York,,{u'min': 18},0.0,"{u'or': [6019367014383], u'name': u'Expats (France)'}",,,,,"{u'values': [{u'key': u'2490299'}], u'name': u'cities', u'location_types': [u'home']}",,"(('genders', 0), ('ages_ranges', {u'min': 18}), ('geo_locations', {u'values': [{u'key': u'2490299'}], u'name': u'cities', u'location_types': [u'home']}), ('behavior', {u'or': [6019367014383], u'name': u'Expats (France)'}))","{'flexible_spec': [{'behaviors': [{'id': 6019367014383}]}], 'publisher_platforms': ['facebook'], 'geo_locations': {u'cities': [{u'key': u'2490299'}], 'location_types': [u'home']}, 'age_min': 18, 'genders': [0], 'age_max': None}","{""data"":{""users"":20000,""estimate_ready"":true}}",20000,1496049092,"[""facebook""]"
53,Expats Distribution in New York,,{u'min': 18},0.0,"{u'or': [6068209522983], u'name': u'Expats (Finland)'}",,,,,"{u'values': [{u'key': u'2490299'}], u'name': u'cities', u'location_types': [u'home']}",,"(('genders', 0), ('ages_ranges', {u'min': 18}), ('geo_locations', {u'values': [{u'key': u'2490299'}], u'name': u'cities', u'location_types': [u'home']}), ('behavior', {u'or': [6068209522983], u'name': u'Expats (Finland)'}))","{'flexible_spec': [{'behaviors': [{'id': 6068209522983}]}], 'publisher_platforms': ['facebook'], 'geo_locations': {u'cities': [{u'key': u'2490299'}], 'location_types': [u'home']}, 'age_min': 18, 'genders': [0], 'age_max': None}","{""data"":{""users"":1100,""estimate_ready"":true}}",1100,1496049092,"[""facebook""]"
54,Expats Distribution in New York,,{u'min': 18},0.0,"{u'or': [6018797165983], u'name': u'Expats (Ethiopia)'}",,,,,"{u'values': [{u'key': u'2490299'}], u'name': u'cities', u'location_types': [u'home']}",,"(('genders', 0), ('ages_ranges', {u'min': 18}), ('geo_locations', {u'values': [{u'key': u'2490299'}], u'name': u'cities', u'location_types': [u'home']}), ('behavior', {u'or': [6018797165983], u'name': u'Expats (Ethiopia)'}))","{'flexible_spec': [{'behaviors': [{'id': 6018797165983}]}], 'publisher_platforms': ['facebook'], 'geo_locations': {u'cities': [{u'key': u'2490299'}], 'location_types': [u'home']}, 'age_min': 18, 'genders': [0], 'age_max': None}","{""data"":{""users"":2600,""estimate_ready"":true}}",2600,1496049092,"[""facebook""]"
55,Expats Distribution in New York,,{u'min': 18},0.0,"{u'or': [6023287351383], u'name': u'Expats (Estonian)'}",,,,,"{u'values': [{u'key': u'2490299'}], u'name': u'cities', u'location_types': [u'home']}",,"(('genders', 0), ('ages_ranges', {u'min': 18}), ('geo_locations', {u'values': [{u'key': u'2490299'}], u'name': u'cities', u'location_types': [u'home']}), ('behavior', {u'or': [6023287351383], u'name': u'Expats (Estonian)'}))","{'flexible_spec': [{'behaviors': [{'id': 6023287351383}]}], 'publisher_platforms': ['facebook'], 'geo_locations': {u'cities': [{u'key': u'2490299'}], 'location_types': [u'home']}, 'age_min': 18, 'genders': [0], 'age_max': None}","{""data"":{""users"":360,""estimate_ready"":true}}",360,1496049092,"[""facebook""]"
56,Expats Distribution in New York,,{u'min': 18},0.0,"{u'or': [6019673777983], u'name': u'Expats (El Salvador)'}",,,,,"{u'values': [{u'key': u'2490299'}], u'name': u'cities', u'location_types': [u'home']}",,"(('genders', 0), ('ages_ranges', {u'min': 18}), ('geo_locations', {u'values': [{u'key': u'2490299'}], u'name': u'cities', u'location_types': [u'home']}), ('behavior', {u'or': [6019673777983], u'name': u'Expats (El Salvador)'}))","{'flexible_spec': [{'behaviors': [{'id': 6019673777983}]}], 'publisher_platforms': ['facebook'], 'geo_locations': {u'cities': [{u'key': u'2490299'}], 'location_types': [u'home']}, 'age_min': 18, 'genders': [0], 'age_max': None}","{""data"":{""users"":78000,""estimate_ready"":true}}",78000,1496049092,"[""facebook""]"
57,Expats Distribution in New York,,{u'min': 18},0.0,"{u'or': [6027148953383], u'name': u'Expats (Egypt)'}",,,,,"{u'values': [{u'key': u'2490299'}], u'name': u'cities', u'location_types': [u'home']}",,"(('genders', 0), ('ages_ranges', {u'min': 18}), ('geo_locations', {u'values': [{u'key': u'2490299'}], u'name': u'cities', u'location_types': [u'home']}), ('behavior', {u'or': [6027148953383], u'name': u'Expats (Egypt)'}))","{'flexible_spec': [{'behaviors': [{'id': 6027148953383}]}], 'publisher_platforms': ['facebook'], 'geo_locations': {u'cities': [{u'key': u'2490299'}], 'location_types': [u'home']}, 'age_min': 18, 'genders': [0], 'age_max': None}","{""data"":{""users"":17000,""estimate_ready"":true}}",17000,1496049092,"[""facebook""]"
58,Expats Distribution in New York,,{u'min': 18},0.0,"{u'or': [6019673762183], u'name': u'Expats (Dominican Republic)'}",,,,,"{u'values': [{u'key': u'2490299'}], u'name': u'cities', u'location_types': [u'home']}",,"(('genders', 0), ('ages_ranges', {u'min': 18}), ('geo_locations', {u'values': [{u'key': u'2490299'}], u'name': u'cities', u'location_types': [u'home']}), ('behavior', {u'or': [6019673762183], u'name': u'Expats (Dominican Republic)'}))","{'flexible_spec': [{'behaviors': [{'id': 6019673762183}]}], 'publisher_platforms': ['facebook'], 'geo_locations': {u'cities': [{u'key': u'2490299'}], 'location_types': [u'home']}, 'age_min': 18, 'genders': [0], 'age_max': None}","{""data"":{""users"":350000,""estimate_ready"":true}}",350000,1496049092,"[""facebook""]"
59,Expats Distribution in New York,,{u'min': 18},0.0,"{u'or': [6018797127383], u'name': u'Expats (Cuba)'}",,,,,"{u'values': [{u'key': u'2490299'}], u'name': u'cities', u'location_types': [u'home']}",,"(('genders', 0), ('ages_ranges', {u'min': 18}), ('geo_locations', {u'values': [{u'key': u'2490299'}], u'name': u'cities', u'location_types': [u'home']}), ('behavior', {u'or': [6018797127383], u'name': u'Expats (Cuba)'}))","{'flexible_spec': [{'behaviors': [{'id': 6018797127383}]}], 'publisher_platforms': ['facebook'], 'geo_locations': {u'cities': [{u'key': u'2490299'}], 'location_types': [u'home']}, 'age_min': 18, 'genders': [0], 'age_max': None}","{""data"":{""users"":6600,""estimate_ready"":true}}",6600,1496049092,"[""facebook""]"
60,Expats Distribution in New York,,{u'min': 18},0.0,"{u'or': [6019673525983], u'name': u'Expats (Colombia)'}",,,,,"{u'values': [{u'key': u'2490299'}], u'name': u'cities', u'location_types': [u'home']}",,"(('genders', 0), ('ages_ranges', {u'min': 18}), ('geo_locations', {u'values': [{u'key': u'2490299'}], u'name': u'cities', u'location_types': [u'home']}), ('behavior', {u'or': [6019673525983], u'name': u'Expats (Colombia)'}))","{'flexible_spec': [{'behaviors': [{'id': 6019673525983}]}], 'publisher_platforms': ['facebook'], 'geo_locations': {u'cities': [{u'key': u'2490299'}], 'location_types': [u'home']}, 'age_min': 18, 'genders': [0], 'age_max': None}","{""data"":{""users"":69000,""estimate_ready"":true}}",69000,1496049092,"[""facebook""]"
61,Expats Distribution in New York,,{u'min': 18},0.0,"{u'or': [6019452369983], u'name': u'Expats (China)'}",,,,,"{u'values': [{u'key': u'2490299'}], u'name': u'cities', u'location_types': [u'home']}",,"(('genders', 0), ('ages_ranges', {u'min': 18}), ('geo_locations', {u'values': [{u'key': u'2490299'}], u'name': u'cities', u'location_types': [u'home']}), ('behavior', {u'or': [6019452369983], u'name': u'Expats (China)'}))","{'flexible_spec': [{'behaviors': [{'id': 6019452369983}]}], 'publisher_platforms': ['facebook'], 'geo_locations': {u'cities': [{u'key': u'2490299'}], 'location_types': [u'home']}, 'age_min': 18, 'genders': [0], 'age_max': None}","{""data"":{""users"":66000,""estimate_ready"":true}}",66000,1496049092,"[""facebook""]"
62,Expats Distribution in New York,,{u'min': 18},0.0,"{u'or': [6025054896983], u'name': u'Expats (Chile)'}",,,,,"{u'values': [{u'key': u'2490299'}], u'name': u'cities', u'location_types': [u'home']}",,"(('genders', 0), ('ages_ranges', {u'min': 18}), ('geo_locations', {u'values': [{u'key': u'2490299'}], u'name': u'cities', u'location_types': [u'home']}), ('behavior', {u'or': [6025054896983], u'name': u'Expats (Chile)'}))","{'flexible_spec': [{'behaviors': [{'id': 6025054896983}]}], 'publisher_platforms': ['facebook'], 'geo_locations': {u'cities': [{u'key': u'2490299'}], 'location_types': [u'home']}, 'age_min': 18, 'genders': [0], 'age_max': None}","{""data"":{""users"":6600,""estimate_ready"":true}}",6600,1496049092,"[""facebook""]"
63,Expats Distribution in New York,,{u'min': 18},0.0,"{u'or': [6019396764183], u'name': u'Expats (Canada)'}",,,,,"{u'values': [{u'key': u'2490299'}], u'name': u'cities', u'location_types': [u'home']}",,"(('genders', 0), ('ages_ranges', {u'min': 18}), ('geo_locations', {u'values': [{u'key': u'2490299'}], u'name': u'cities', u'location_types': [u'home']}), ('behavior', {u'or': [6019396764183], u'name': u'Expats (Canada)'}))","{'flexible_spec': [{'behaviors': [{'id': 6019396764183}]}], 'publisher_platforms': ['facebook'], 'geo_locations': {u'cities': [{u'key': u'2490299'}], 'location_types': [u'home']}, 'age_min': 18, 'genders': [0], 'age_max': None}","{""data"":{""users"":23000,""estimate_ready"":true}}",23000,1496049092,"[""facebook""]"
64,Expats Distribution in New York,,{u'min': 18},0.0,"{u'or': [6018797036783], u'name': u'Expats (Cameroon)'}",,,,,"{u'values': [{u'key': u'2490299'}], u'name': u'cities', u'location_types': [u'home']}",,"(('genders', 0), ('ages_ranges', {u'min': 18}), ('geo_locations', {u'values': [{u'key': u'2490299'}], u'name': u'cities', u'location_types': [u'home']}), ('behavior', {u'or': [6018797036783], u'name': u'Expats (Cameroon)'}))","{'flexible_spec': [{'behaviors': [{'id': 6018797036783}]}], 'publisher_platforms': ['facebook'], 'geo_locations': {u'cities': [{u'key': u'2490299'}], 'location_types': [u'home']}, 'age_min': 18, 'genders': [0], 'age_max': None}","{""data"":{""users"":1600,""estimate_ready"":true}}",1600,1496049092,"[""facebook""]"
65,Expats Distribution in New York,,{u'min': 18},0.0,"{u'or': [6019564340583], u'name': u'Expats (Brazil)'}",,,,,"{u'values': [{u'key': u'2490299'}], u'name': u'cities', u'location_types': [u'home']}",,"(('genders', 0), ('ages_ranges', {u'min': 18}), ('geo_locations', {u'values': [{u'key': u'2490299'}], u'name': u'cities', u'location_types': [u'home']}), ('behavior', {u'or': [6019564340583], u'name': u'Expats (Brazil)'}))","{'flexible_spec': [{'behaviors': [{'id': 6019564340583}]}], 'publisher_platforms': ['facebook'], 'geo_locations': {u'cities': [{u'key': u'2490299'}], 'location_types': [u'home']}, 'age_min': 18, 'genders': [0], 'age_max': None}","{""data"":{""users"":32000,""estimate_ready"":true}}",32000,1496049092,"[""facebook""]"
66,Expats Distribution in New York,,{u'min': 18},0.0,"{u'or': [6043702804583], u'name': u'Expats (Belgium)'}",,,,,"{u'values': [{u'key': u'2490299'}], u'name': u'cities', u'location_types': [u'home']}",,"(('genders', 0), ('ages_ranges', {u'min': 18}), ('geo_locations', {u'values': [{u'key': u'2490299'}], u'name': u'cities', u'location_types': [u'home']}), ('behavior', {u'or': [6043702804583], u'name': u'Expats (Belgium)'}))","{'flexible_spec': [{'behaviors': [{'id': 6043702804583}]}], 'publisher_platforms': ['facebook'], 'geo_locations': {u'cities': [{u'key': u'2490299'}], 'location_types': [u'home']}, 'age_min': 18, 'genders': [0], 'age_max': None}","{""data"":{""users"":1900,""estimate_ready"":true}}",1900,1496049092,"[""facebook""]"
67,Expats Distribution in New York,,{u'min': 18},0.0,"{u'or': [6023356562783], u'name': u'Expats (Bangladesh)'}",,,,,"{u'values': [{u'key': u'2490299'}], u'name': u'cities', u'location_types': [u'home']}",,"(('genders', 0), ('ages_ranges', {u'min': 18}), ('geo_locations', {u'values': [{u'key': u'2490299'}], u'name': u'cities', u'location_types': [u'home']}), ('behavior', {u'or': [6023356562783], u'name': u'Expats (Bangladesh)'}))","{'flexible_spec': [{'behaviors': [{'id': 6023356562783}]}], 'publisher_platforms': ['facebook'], 'geo_locations': {u'cities': [{u'key': u'2490299'}], 'location_types': [u'home']}, 'age_min': 18, 'genders': [0], 'age_max': None}","{""data"":{""users"":65000,""estimate_ready"":true}}",65000,1496049092,"[""facebook""]"
68,Expats Distribution in New York,,{u'min': 18},0.0,"{u'or': [6023675997383], u'name': u'Expats (Austria)'}",,,,,"{u'values': [{u'key': u'2490299'}], u'name': u'cities', u'location_types': [u'home']}",,"(('genders', 0), ('ages_ranges', {u'min': 18}), ('geo_locations', {u'values': [{u'key': u'2490299'}], u'name': u'cities', u'location_types': [u'home']}), ('behavior', {u'or': [6023675997383], u'name': u'Expats (Austria)'}))","{'flexible_spec': [{'behaviors': [{'id': 6023675997383}]}], 'publisher_platforms': ['facebook'], 'geo_locations': {u'cities': [{u'key': u'2490299'}], 'location_types': [u'home']}, 'age_min': 18, 'genders': [0], 'age_max': None}","{""data"":{""users"":1300,""estimate_ready"":true}}",1300,1496049092,"[""facebook""]"
69,Expats Distribution in New York,,{u'min': 18},0.0,"{u'or': [6021354857783], u'name': u'Expats (Australia)'}",,,,,"{u'values': [{u'key': u'2490299'}], u'name': u'cities', u'location_types': [u'home']}",,"(('genders', 0), ('ages_ranges', {u'min': 18}), ('geo_locations', {u'values': [{u'key': u'2490299'}], u'name': u'cities', u'location_types': [u'home']}), ('behavior', {u'or': [6021354857783], u'name': u'Expats (Australia)'}))","{'flexible_spec': [{'behaviors': [{'id': 6021354857783}]}], 'publisher_platforms': ['facebook'], 'geo_locations': {u'cities': [{u'key': u'2490299'}], 'location_types': [u'home']}, 'age_min': 18, 'genders': [0], 'age_max': None}","{""data"":{""users"":12000,""estimate_ready"":true}}",12000,1496049092,"[""facebook""]"
70,Expats Distribution in New York,,{u'min': 18},0.0,"{u'or': [6025000826583], u'name': u'Expats (Argentina)'}",,,,,"{u'values': [{u'key': u'2490299'}], u'name': u'cities', u'location_types': [u'home']}",,"(('genders', 0), ('ages_ranges', {u'min': 18}), ('geo_locations', {u'values': [{u'key': u'2490299'}], u'name': u'cities', u'location_types': [u'home']}), ('behavior', {u'or': [6025000826583], u'name': u'Expats (Argentina)'}))","{'flexible_spec': [{'behaviors': [{'id': 6025000826583}]}], 'publisher_platforms': ['facebook'], 'geo_locations': {u'cities': [{u'key': u'2490299'}], 'location_types': [u'home']}, 'age_min': 18, 'genders': [0], 'age_max': None}","{""data"":{""users"":11000,""estimate_ready"":true}}",11000,1496049092,"[""facebook""]"
